Name,Age,Salary,Join_Date,Department
Pam,25.0,70200.0,1/15/2023,HR
Jane,36.0,65000.0,8/1/2022,Finance
Alice,22.0,71350.0,5/20/2021,HR
Bob,22.0,71841.0,1/15/2023,IT
Pam,25.0,71250.0,1/15/2023,HR
Jade,40.0,71841.0,1/15/2023,Finance
Joanne,25.0,120000.0,1/16/2023,IT
Kim,33.0,71568.0,8/30/2021,HR
Sam,40.0,71841.0,9/5/2022,IT
Eli,36.0,80100.0,3/4/2022,HR
Joe,22.0,62000.0,10/9/2022,Finance
Anna,36.0,72456.0,4/6/2022,HR
Dan,43.0,71841.0,1/15/2023,HR
Susan,46.0,66000.0,5/3/2022,Finance
Pamela,36.0,77421.0,4/2/2023,HR
Susy,41.0,126001.0,2/2/2023,IT
Ruth,30.0,72114.0,9/5/2022,HR
Dan,43.0,71841.0,5/3/2022,HR
Joanne,25.0,125600.0,1/16/2023,IT
Clark,44.0,76982.0,1/28/2023,HR
Alissa,36.0,77421.0,10/5/2022,HR
Norma,51.0,921000.0,2/4/2021,IT
Anthony,30.0,61000.0,8/6/2021,Finance
Eli,21.0,77421.0,3/4/2022,HR
Tony,36.0,66200.0,5/18/2023,Finance
Alice,22.0,70000.0,5/20/2021,HR
Samantha,50.0,77421.0,1/15/2023,HR
Amanda,28.0,66100.0,8/23/2021,Finance
Jenny,36.0,801423.0,9/15/2021,IT
Pam,25.0,70000.0,1/15/2023,HR
Anthony,30.0,66000.0,8/6/2021,Finance
Penny,44.0,77421.0,9/4/2022,HR
Jimmy,38.0,65000.0,10/3/2024,HR
Tim,40.0,70050.0,10/4/2023,HR
Fran,47.0,76000.0,2/5/2023,IT
Jenny,36.0,75000.0,9/15/2021,IT
Joe,22.0,66000.0,10/9/2022,Finance
Timmy,44.0,68000.0,9/24/2023,IT
Sammy,57.0,66000.0,10/1/2022,Finance
Anna,36.0,71841.0,4/6/2022,HR
Pam,25.0,86548.0,1/15/2023,HR
Kim,33.0,546222.0,8/30/2021,HR
